tissueType,UberonOntologyID,cellName,item,itemLabel
Kidney,UBERON_0002113,Proximal tubular cell,,
Liver,UBERON_0002107,Ito cell (hepatic stellate cell),,
Endometrium,UBERON_0001295,Trophoblast cell,,
Placenta,UBERON_0001987,Trophoblast cell,,
Decidua,UBERON_0002450,Trophoblast cell,,
Umbilical cord,UBERON_0002331,Trophoblast cell,,
Germ,UBERON_0000923,Primordial germ cell,,
Ovary,UBERON_0000992,Primordial germ cell,,
Embryonic stem cell,CL_0002322,Primordial germ cell,,
Pluripotent stem cell,CL_0002248,Primordial germ cell,,
Undefined,,Primordial germ cell,,
Corneal epithelium,UBERON_0001772,Epithelial cell,,
Thymus,UBERON_0002370,Epithelial cell,,
Endometrium,UBERON_0001295,Epithelial cell,,
Mammary epithelium,UBERON_0003244,Epithelial cell,,
Breast,UBERON_0000310,Epithelial cell,,
Ovary,UBERON_0000992,Epithelial cell,,
Uterus,UBERON_0000995,Epithelial cell,,
Undefined,,Epithelial cell,,
Pancreas,UBERON_0001264,Epithelial cell,,
Kidney,UBERON_0002113,Epithelial cell,,
Prostate,UBERON_0002367,Epithelial cell,,
Placenta,UBERON_0001987,Epithelial cell,,
Amniotic membrane,UBERON_0009742,Epithelial cell,,
Bone,UBERON_0002481,Epithelial cell,,
Cornea,UBERON_0000964,Epithelial cell,,
Bladder,,Epithelial cell,,
Epithelium,UBERON_0000483,Epithelial cell,,
Skin,UBERON_0002097,Epithelial cell,,
Lung,UBERON_0002048,Epithelial cell,,
Airway epithelium,UBERON_0004802,Epithelial cell,,
Embryoid body,UBERON_0014374,Epithelial cell,,
Small intestine,UBERON_0002108,Epithelial cell,,
Mammary gland,UBERON_0001911,Epithelial cell,,
Lacrimal gland,UBERON_0001817,Epithelial cell,,
Blood vessel,UBERON_0001981,Epithelial cell,,
Placenta,UBERON_0001987,Cytotrophoblast,,
Endometrium,UBERON_0001295,Cytotrophoblast,,
Periosteum,UBERON_0002515,Periosteum-derived progenitor cell,,
Amniotic membrane,UBERON_0009742,Amnion epithelial cell,,
Primitive streak,UBERON_0004341,Primitive streak cell,,
Embryo,UBERON_0000922,Primitive streak cell,,
Adipose tissue,UBERON_0001013,Stromal vascular fraction cell,,
Scalp,UBERON_0000403,Bulge stem cell,,
Skin,UBERON_0002097,Bulge stem cell,,
Heart,UBERON_0000948,Semilunar valve cell,,
Chorionic villus,UBERON_0007106,Villous stromal cell,,
Placenta,UBERON_0001987,Villous stromal cell,,
Liver,UBERON_0002107,Kupffer cell,Q513486,Kupffer cell
Fetal liver,,Kupffer cell,Q513486,Kupffer cell
Adipose tissue,UBERON_0001013,Adipose-derived stromal cell,,
Subcutaneous adipose tissue,UBERON_0002190,Adipose-derived stromal cell,,
Visceral adipose tissue,UBERON_0014454,Adipose-derived stromal cell,,
Abdominal adipose tissue,UBERON_0007808,Adipose-derived stromal cell,,
Brain,UBERON_0000955,Oligodendrocyte,,
Undefined,,Oligodendrocyte,,
Kidney,UBERON_0002113,Oligodendrocyte,,
Amniotic fluid,UBERON_0000173,Mesenchymal stem cell,,
Gingiva,UBERON_0001828,Mesenchymal stem cell,,
Dental pulp,UBERON_0001754,Mesenchymal stem cell,,
Adipose tissue,UBERON_0001013,Mesenchymal stem cell,,
Undefined,,Mesenchymal stem cell,,
Synovial fluid,UBERON_0001090,Mesenchymal stem cell,,
Bone marrow,UBERON_0002371,Mesenchymal stem cell,,
Endometrium,UBERON_0001295,Mesenchymal stem cell,,
Periodontal ligament,UBERON_0008266,Mesenchymal stem cell,,
Oral mucosa,UBERON_0003729,Mesenchymal stem cell,,
Breast,UBERON_0000310,Mesenchymal stem cell,,
Placenta,UBERON_0001987,Mesenchymal stem cell,,
Peripheral blood,UBERON_0005408,Mesenchymal stem cell,,
Amniotic membrane,UBERON_0009742,Mesenchymal stem cell,,
Umbilical cord blood,UBERON_0012168,Mesenchymal stem cell,,
Umbilical cord,UBERON_0002331,Mesenchymal stem cell,,
Embryonic stem cell,CL_0002322,Mesenchymal stem cell,,
Corneal endothelium,UBERON_0001985,Mesenchymal stem cell,,
Skeletal muscle,UBERON_0014892,Mesenchymal stem cell,,
Foreskin,UBERON_0001471,Mesenchymal stem cell,,
Tooth,UBERON_0001091,Mesenchymal stem cell,,
Synovium,UBERON_0007616,Mesenchymal stem cell,,
Chorionic villus,UBERON_0007106,Mesenchymal stem cell,,
Periosteum,UBERON_0002515,Mesenchymal stem cell,,
Anterior cruciate ligament,UBERON_0003671,Mesenchymal stem cell,,
Liver,UBERON_0002107,Mesenchymal stem cell,,
Umbilical vein,UBERON_0002066,Mesenchymal stem cell,,
Fetal liver,,Mesenchymal stem cell,,
Embryo,UBERON_0000922,Mesenchymal stem cell,,
Muscle,UBERON_0001630,Mesenchymal stem cell,,
Brown adipose tissue,UBERON_0001348,Mesenchymal stem cell,,
White adipose tissue,UBERON_0001347,Mesenchymal stem cell,,
Cartilage,UBERON_0002418,Mesenchymal stem cell,,
Bone,UBERON_0002481,Mesenchymal stem cell,,
Tendon,UBERON_0000043,Mesenchymal stem cell,,
Germ,UBERON_0000923,Mesenchymal stem cell,,
Meniscus,UBERON_0000387,Mesenchymal stem cell,,
Ligament,UBERON_0000211,Mesenchymal stem cell,,
Fat pad,UBERON_0003916,Mesenchymal stem cell,,
Whartons jelly,UBERON_0003422,Mesenchymal stem cell,,
Embryoid body,UBERON_0014374,Mesenchymal stem cell,,
Cartilage,UBERON_0002418,Cartilage progenitor cell,,
Bone,UBERON_0002481,Osteocyte,,
Bone,UBERON_0002481,Osteoclast,,
Retina,UBERON_0000966,Bipolar cell,,
Eye,UBERON_0000970,Bipolar cell,,
Retina,UBERON_0000966,Muller cell,,
Peripheral blood,UBERON_0005408,Monocyte,,
Liver,UBERON_0002107,Monocyte,,
Lung,UBERON_0002048,Monocyte,,
Blood,UBERON_0000178,Monocyte,,
Plasma,UBERON_0001969,Monocyte,,
Kidney,UBERON_0002113,Monocyte,,
Subcutaneous adipose tissue,UBERON_0002190,Monocyte,,
Umbilical cord blood,UBERON_0012168,Monocyte,,
Bone marrow,UBERON_0002371,Monocyte,,
Synovium,UBERON_0007616,Monocyte,,
Spleen,UBERON_0002106,Monocyte,,
Fetal kidney,UBERON_0002120,Monocyte,,
Undefined,,Monocyte,,
White adipose tissue,UBERON_0001347,Monocyte,,
Artery,UBERON_0001637,Monocyte,,
Aorta,UBERON_0000947,Monocyte,,
Bone,UBERON_0002481,Monocyte,,
Blood,UBERON_0000178,Natural killer cell,,
Breast,UBERON_0000310,Natural killer cell,,
Peripheral blood,UBERON_0005408,Natural killer cell,,
Liver,UBERON_0002107,Natural killer cell,,
Adipose tissue,UBERON_0001013,Natural killer cell,,
Splenic red pulp,UBERON_0001250,Natural killer cell,,
Lymph node,UBERON_0000029,Natural killer cell,,
Lung,UBERON_0002048,Natural killer cell,,
Gut,UBERON_0001555,Natural killer cell,,
Uterus,UBERON_0000995,Natural killer cell,,
Undefined,,Natural killer cell,,
Kidney,UBERON_0002113,Natural killer cell,,
Bone marrow,UBERON_0002371,Natural killer cell,,
Spleen,UBERON_0002106,Natural killer cell,,
Aorta,UBERON_0000947,Natural killer cell,,
Uterus,UBERON_0000995,Endometrial stem cell,,
Endometrium,UBERON_0001295,Endometrial stem cell,,
Dental pulp,UBERON_0001754,Dental pulp stem cell,,
Deciduous tooth,UBERON_0007115,Dental pulp stem cell,,
Molar,UBERON_0003655,Dental pulp stem cell,,
Premolar,UBERON_0007120,Dental pulp stem cell,,
Peripheral blood,UBERON_0005408,B cell,,
Undefined,,B cell,,
Liver,UBERON_0002107,B cell,,
Synovium,UBERON_0007616,B cell,,
Blood,UBERON_0000178,B cell,,
Kidney,UBERON_0002113,B cell,,
Salivary gland,UBERON_0001044,B cell,,
Brain,UBERON_0000955,B cell,,
Lymphoid tissue,UBERON_0001744,B cell,,
Bone marrow,UBERON_0002371,B cell,,
Tonsil,UBERON_0002372,B cell,,
Thyroid,UBERON_0002046,B cell,,
Lymph node,UBERON_0000029,B cell,,
Spleen,UBERON_0002106,B cell,,
Fetal liver,,B cell,,
Peyer patch,UBERON_0001211,B cell,,
Peritoneal cavity,UBERON_0001179,B cell,,
Aorta,UBERON_0000947,B cell,,
Adipose tissue,UBERON_0001013,Adipose-derived stem cell,,
Subcutaneous adipose tissue,UBERON_0002190,Adipose-derived stem cell,,
Abdominal adipose tissue,UBERON_0007808,Adipose-derived stem cell,,
Visceral adipose tissue,UBERON_0014454,Adipose-derived stem cell,,
Adipose tissue,UBERON_0001013,Preadipocyte progenitor cell,,
Undefined,,Regulatory T (Treg) cell,,
Peripheral blood,UBERON_0005408,Regulatory T (Treg) cell,,
Blood,UBERON_0000178,Regulatory T (Treg) cell,,
Skin,UBERON_0002097,Regulatory T (Treg) cell,,
Bone marrow,UBERON_0002371,Regulatory T (Treg) cell,,
Liver,UBERON_0002107,Regulatory T (Treg) cell,,
Spleen,UBERON_0002106,Regulatory T (Treg) cell,,
Intestine,UBERON_0000160,Regulatory T (Treg) cell,,
Nucleus pulposus,UBERON_0002242,Nucleus pulposus cell,,
Intervertebral disc,UBERON_0001066,Nucleus pulposus cell,,
Urine,UBERON_0001088,Urine-derived stem cell,,
Undefined,,Endothelial cell,,
Peripheral blood,UBERON_0005408,Endothelial cell,,
Skin,UBERON_0002097,Endothelial cell,,
Liver,UBERON_0002107,Endothelial cell,,
Cornea,UBERON_0000964,Endothelial cell,,
Plasma,UBERON_0001969,Endothelial cell,,
Adipose tissue,UBERON_0001013,Endothelial cell,,
Lung,UBERON_0002048,Endothelial cell,,
Muscle,UBERON_0001630,Endothelial cell,,
Antecubital vein,UBERON_0001414,Endothelial cell,,
Blood,UBERON_0000178,Endothelial cell,,
Intervertebral disc,UBERON_0001066,Endothelial cell,,
Corpus luteum,UBERON_0002512,Endothelial cell,,
Heart,UBERON_0000948,Endothelial cell,,
Bone marrow,UBERON_0002371,Endothelial cell,,
Embryonic stem cell,CL_0002322,Endothelial cell,,
Blood vessel,UBERON_0001981,Endothelial cell,,
Bladder,,Endothelial cell,,
Ovary,UBERON_0000992,Endothelial cell,,
Embryo,UBERON_0000922,Endothelial cell,,
Lymph node,UBERON_0000029,Endothelial cell,,
Brain,UBERON_0000955,Endothelial cell,,
White adipose tissue,UBERON_0001347,Endothelial cell,,
Eye,UBERON_0000970,Endothelial cell,,
Fetal kidney,UBERON_0002120,Endothelial cell,,
Kidney,UBERON_0002113,Endothelial cell,,
Germ,UBERON_0000923,Endothelial cell,,
Embryoid body,UBERON_0014374,Endothelial cell,,
Embryonic brain,UBERON_6001060,Endothelial cell,,
Fetal liver,,Endothelial cell,,
Fetal gonad,,Endothelial cell,,
Dermis,UBERON_0002067,Endothelial cell,,
Prostate,UBERON_0002367,Endothelial cell,,
Gonad,UBERON_0000991,Endothelial cell,,
Lacrimal gland,UBERON_0001817,Endothelial cell,,
Undefined,,T cell,,
Liver,UBERON_0002107,T cell,,
Synovium,UBERON_0007616,T cell,,
Peripheral blood,UBERON_0005408,T cell,,
Kidney,UBERON_0002113,T cell,,
Blood,UBERON_0000178,T cell,,
Salivary gland,UBERON_0001044,T cell,,
Brain,UBERON_0000955,T cell,,
Lymphoid tissue,UBERON_0001744,T cell,,
Tonsil,UBERON_0002372,T cell,,
Optic nerve,UBERON_0004904,T cell,,
Thyroid,UBERON_0002046,T cell,,
Lymph node,UBERON_0000029,T cell,,
Spleen,UBERON_0002106,T cell,,
Thymus,UBERON_0002370,T cell,,
Artery,UBERON_0001637,T cell,,
Eye,UBERON_0000970,T cell,,
Fetal liver,,T cell,,
Lung,UBERON_0002048,T cell,,
Ascites,UBERON_0007795,T cell,,
Skin,UBERON_0002097,T cell,,
Placenta,UBERON_0001987,T cell,,
Peyer patch,UBERON_0001211,T cell,,
Bone marrow,UBERON_0002371,T cell,,
Mesenteric lymph node,UBERON_0002509,T cell,,
Undefined,,Thymocyte,Q7799635,Thymocyte
Thymus,UBERON_0002370,Thymocyte,Q7799635,Thymocyte
Undefined,,Dendritic cell,,
Bone marrow,UBERON_0002371,Dendritic cell,,
Liver,UBERON_0002107,Dendritic cell,,
Peripheral blood,UBERON_0005408,Dendritic cell,,
Synovium,UBERON_0007616,Dendritic cell,,
Umbilical cord blood,UBERON_0012168,Dendritic cell,,
Lung,UBERON_0002048,Dendritic cell,,
Spleen,UBERON_0002106,Dendritic cell,,
Thymus,UBERON_0002370,Dendritic cell,,
Blood,UBERON_0000178,Dendritic cell,,
Placenta,UBERON_0001987,Dendritic cell,,
Peyer patch,UBERON_0001211,Dendritic cell,,
Small intestine,UBERON_0002108,Dendritic cell,,
Retina,UBERON_0000966,Dendritic cell,,
Aorta,UBERON_0000947,Dendritic cell,,
Bone,UBERON_0002481,Dendritic cell,,
Undefined,,Neutrophil,,
Peripheral blood,UBERON_0005408,Neutrophil,,
Brain,UBERON_0000955,Neutrophil,,
Pluripotent stem cell,CL_0002248,Neutrophil,,
Blood,UBERON_0000178,Neutrophil,,
Sputum,UBERON_0007311,Neutrophil,,
Bronchoalveolar system,UBERON_0006524,Neutrophil,,
Vagina,UBERON_0000996,Neutrophil,,
Spleen,UBERON_0002106,Neutrophil,,
Lung,UBERON_0002048,Neutrophil,,
Kidney,UBERON_0002113,Neutrophil,,
Bone marrow,UBERON_0002371,Neutrophil,,
Bone,UBERON_0002481,Neutrophil,,
Undefined,,Lymphocyte,,
Blood,UBERON_0000178,Lymphocyte,,
Peripheral blood,UBERON_0005408,Lymphocyte,,
Bone marrow,UBERON_0002371,Lymphocyte,,
Spleen,UBERON_0002106,Lymphocyte,,
Aorta,UBERON_0000947,Lymphocyte,,
Lacrimal gland,UBERON_0001817,Lymphocyte,,
Peripheral blood,UBERON_0005408,Endothelial progenitor cell,,
Blood,UBERON_0000178,Endothelial progenitor cell,,
Umbilical cord blood,UBERON_0012168,Endothelial progenitor cell,,
Bone marrow,UBERON_0002371,Endothelial progenitor cell,,
Blood vessel,UBERON_0001981,Endothelial progenitor cell,,
Adipose tissue,UBERON_0001013,Endothelial progenitor cell,,
Embryo,UBERON_0000922,Endothelial progenitor cell,,
Gonad,UBERON_0000991,Premeiotic germ cell,,
Gonad,UBERON_0000991,Gonocyte,,
Testis,UBERON_0000473,Gonocyte,,
Testis,UBERON_0000473,Spermatogonial stem cell,,
Embryo,UBERON_0000922,Spermatogonial stem cell,,
Testis,UBERON_0000473,Sertoli cell,Q195614,Sertoli cell
Seminal plasma,UBERON_0006530,Sertoli cell,Q195614,Sertoli cell
Serum,UBERON_0001977,Sertoli cell,Q195614,Sertoli cell
Undefined,,Sertoli cell,Q195614,Sertoli cell
Fetal gonad,,Sertoli cell,Q195614,Sertoli cell
Bone marrow,UBERON_0002371,Mesenchymal stromal cell,,
Blood vessel,UBERON_0001981,Mesenchymal stromal cell,,
Undefined,,Mesenchymal stromal cell,,
Placenta,UBERON_0001987,Mesenchymal stromal cell,,
Adipose tissue,UBERON_0001013,Mesenchymal stromal cell,,
Amniotic membrane,UBERON_0009742,Mesenchymal stromal cell,,
Nasal concha,UBERON_0035612,Mesenchymal stromal cell,,
Tonsil,UBERON_0002372,Mesenchymal stromal cell,,
Skeletal muscle,UBERON_0014892,Mesenchymal stromal cell,,
Lymph,UBERON_0002391,Mesenchymal stromal cell,,
Umbilical cord blood,UBERON_0012168,Mesenchymal stromal cell,,
Liver,UBERON_0002107,Mesenchymal stromal cell,,
Peripheral blood,UBERON_0005408,Mesenchymal stromal cell,,
Umbilical cord,UBERON_0002331,Mesenchymal stromal cell,,
Pancreas,UBERON_0001264,Pancreatic stem cell,,
Pancreatic acinar tissue,UBERON_0001263,Pancreatic stem cell,,
Peripheral blood,UBERON_0005408,Myeloid-derived suppressor cell,,
Undefined,,Myeloid-derived suppressor cell,,
Colon,UBERON_0001155,CD4+ T cell,,
Blood,UBERON_0000178,CD4+ T cell,,
Liver,UBERON_0002107,CD4+ T cell,,
Peripheral blood,UBERON_0005408,CD4+ T cell,,
Undefined,,CD4+ T cell,,
Lung,UBERON_0002048,Anterior foregut endoderm cell,,
Adipose tissue,UBERON_0001013,Endoderm progenitor cell,,
Blood,UBERON_0000178,Circulating fetal cell,,
Peripheral blood,UBERON_0005408,Circulating fetal cell,,
Brain,UBERON_0000955,Neural progenitor cell,,
Eye,UBERON_0000970,Neural progenitor cell,,
Embryonic prefrontal cortex,,Neural progenitor cell,,
Embryo,UBERON_0000922,Astroglial progenitor cell,,
Liver,UBERON_0002107,Hepatoblast,Q101062568,Hepatoblast
Liver,UBERON_0002107,Mesenchymal cell,,
Bone marrow,UBERON_0002371,Mesenchymal cell,,
Ovary,UBERON_0000992,Mesenchymal cell,,
Undefined,,Mesenchymal cell,,
Fetal liver,,Mesenchymal cell,,
Pancreas,UBERON_0001264,Mesenchymal cell,,
Peripheral blood,UBERON_0005408,Mesenchymal cell,,
Liver,UBERON_0002107,Hematopoietic cell,,
Bone marrow,UBERON_0002371,Hematopoietic cell,,
Fetal liver,,Hematopoietic cell,,
Undefined,,Hematopoietic cell,,
Blood,UBERON_0000178,Hematopoietic cell,,
Prostate,UBERON_0002367,Hematopoietic cell,,
Liver,UBERON_0002107,CD8+ T cell,,
Peripheral blood,UBERON_0005408,CD8+ T cell,,
Blood,UBERON_0000178,CD8+ T cell,,
Lymphoid tissue,UBERON_0001744,CD8+ T cell,,
Lung,UBERON_0002048,CD8+ T cell,,
Kidney,UBERON_0002113,CD8+ T cell,,
Undefined,,CD8+ T cell,,
Aorta,UBERON_0000947,CD8+ T cell,,
Periodontal ligament,UBERON_0008266,Periodontal stem cell,,
Blood,UBERON_0000178,Natural regulatory T (Treg) cell,,
Peripheral blood,UBERON_0005408,Natural regulatory T (Treg) cell,,
Blood,UBERON_0000178,FOXP3+ natural regulatory T (Treg) cell,,
Adipose tissue,UBERON_0001013,Beige adipogenic precursor cell,,
Adipose tissue,UBERON_0001013,Brown adipogenic precursor cell,,
Blood,UBERON_0000178,Platelet,,
Peripheral blood,UBERON_0005408,Platelet,,
Plasma,UBERON_0001969,Platelet,,
Liver,UBERON_0002107,Platelet,,
Bone marrow,UBERON_0002371,Platelet,,
Undefined,,Platelet,,
Blood,UBERON_0000178,Leukocyte,,
Peripheral blood,UBERON_0005408,Leukocyte,,
Undefined,,Leukocyte,,
Liver,UBERON_0002107,Cytotoxic T cell,,
Peripheral blood,UBERON_0005408,Cytotoxic T cell,,
Undefined,,Cytotoxic T cell,,
Lymph node,UBERON_0000029,Cytotoxic T cell,,
Liver,UBERON_0002107,Natural killer T (NKT) cell,,
Fetal kidney,UBERON_0002120,Natural killer T (NKT) cell,,
Kidney,UBERON_0002113,Natural killer T (NKT) cell,,
Peripheral blood,UBERON_0005408,Natural killer T (NKT) cell,,
Spleen,UBERON_0002106,Natural killer T (NKT) cell,,
Lymphoid tissue,UBERON_0001744,Natural killer T (NKT) cell,,
Liver,UBERON_0002107,T helper cell,Q632518,T helper cell
Peripheral blood,UBERON_0005408,T helper cell,Q632518,T helper cell
Lung,UBERON_0002048,T helper cell,Q632518,T helper cell
Blood,UBERON_0000178,T helper cell,Q632518,T helper cell
Salivary gland,UBERON_0001044,T helper cell,Q632518,T helper cell
Eye,UBERON_0000970,T helper cell,Q632518,T helper cell
Bone marrow,UBERON_0002371,T helper cell,Q632518,T helper cell
Tonsil,UBERON_0002372,T helper cell,Q632518,T helper cell
Kidney,UBERON_0002113,T helper cell,Q632518,T helper cell
Undefined,,T helper cell,Q632518,T helper cell
Lymph node,UBERON_0000029,T helper cell,Q632518,T helper cell
Liver,UBERON_0002107,Memory T cell,,
Peripheral blood,UBERON_0005408,Memory T cell,,
Peripheral blood,UBERON_0005408,T helper1 (Th1) cell,,
Undefined,,T helper1 (Th1) cell,,
Peripheral blood,UBERON_0005408,T helper2 (Th2) cell,,
Brain,UBERON_0000955,T helper2 (Th2) cell,,
Undefined,,T helper2 (Th2) cell,,
Spleen,UBERON_0002106,T helper2 (Th2) cell,,
Peripheral blood,UBERON_0005408,T helper17 (Th17) cell,,
Umbilical cord blood,UBERON_0012168,T helper17 (Th17) cell,,
Undefined,,T helper17 (Th17) cell,,
Lung,UBERON_0002048,Plasmacytoid dendritic cell,,
Blood,UBERON_0000178,Plasmacytoid dendritic cell,,
Kidney,UBERON_0002113,Plasmacytoid dendritic cell,,
Undefined,,Plasmacytoid dendritic cell,,
Bone marrow,UBERON_0002371,Plasmacytoid dendritic cell,,
Peripheral blood,UBERON_0005408,Plasmacytoid dendritic cell,,
Spleen,UBERON_0002106,Plasmacytoid dendritic cell,,
Lymph node,UBERON_0000029,Lymphatic endothelial cell,,
Undefined,,Fibroblast,,
Synovium,UBERON_0007616,Fibroblast,,
Vocal fold,UBERON_0003706,Fibroblast,,
Corneal endothelium,UBERON_0001985,Fibroblast,,
Embryonic stem cell,CL_0002322,Fibroblast,,
Lung,UBERON_0002048,Fibroblast,,
Peripheral blood,UBERON_0005408,Fibroblast,,
Heart,UBERON_0000948,Fibroblast,,
Kidney,UBERON_0002113,Fibroblast,,
Embryo,UBERON_0000922,Fibroblast,,
Pancreatic islet,UBERON_0000006,Endocrine cell,,
Pancreas,UBERON_0001264,Endocrine cell,,
Embryonic stem cell,CL_0002322,Endocrine cell,,
Undefined,,Endocrine cell,,
Duodenum,UBERON_0002114,Endocrine cell,,
Colon,UBERON_0001155,Endocrine cell,,
Rectum,UBERON_0001052,Endocrine cell,,
Embryo,UBERON_0000922,Endocrine cell,,
Blood,UBERON_0000178,Responder T cell,,
Peripheral blood,UBERON_0005408,Responder T cell,,
Synovium,UBERON_0007616,Macrophage,,
Intervertebral disc,UBERON_0001066,Macrophage,,
Peripheral blood,UBERON_0005408,Macrophage,,
Retinal pigment epithelium,UBERON_0001782,Macrophage,,
Subcutaneous adipose tissue,UBERON_0002190,Macrophage,,
Adipose tissue,UBERON_0001013,Macrophage,,
Brain,UBERON_0000955,Macrophage,,
Eye,UBERON_0000970,Macrophage,,
Undefined,,Macrophage,,
Lymph node,UBERON_0000029,Macrophage,,
Alveolus,UBERON_0003215,Macrophage,,
Spleen,UBERON_0002106,Macrophage,,
Visceral adipose tissue,UBERON_0014454,Macrophage,,
Serum,UBERON_0001977,Macrophage,,
Artery,UBERON_0001637,Macrophage,,
Lung,UBERON_0002048,Macrophage,,
Bone marrow,UBERON_0002371,Macrophage,,
Placenta,UBERON_0001987,Macrophage,,
Retina,UBERON_0000966,Macrophage,,
Heart,UBERON_0000948,Macrophage,,
White adipose tissue,UBERON_0001347,Macrophage,,
Aorta,UBERON_0000947,Macrophage,,
Lacrimal gland,UBERON_0001817,Macrophage,,
Kidney,UBERON_0002113,Macrophage,,
Blood,UBERON_0000178,Macrophage,,
Peripheral blood,UBERON_0005408,Naive B cell,Q3269473,Naive B cell
Blood,UBERON_0000178,Naive B cell,Q3269473,Naive B cell
Undefined,,Naive B cell,Q3269473,Naive B cell
Peripheral blood,UBERON_0005408,Class-switched memory B cell,,
Peripheral blood,UBERON_0005408,Non-switched memory B cell,,
Peripheral blood,UBERON_0005408,Double-negative B cell,,
Peripheral blood,UBERON_0005408,Transitional B cell,Q48997087,Transitional B cell
Blood,UBERON_0000178,Transitional B cell,Q48997087,Transitional B cell
Bone marrow,UBERON_0002371,Transitional B cell,Q48997087,Transitional B cell
Peripheral blood,UBERON_0005408,Plasmablast,,
Blood,UBERON_0000178,Plasmablast,,
Oral mucosa,UBERON_0003729,Oral keratinocyte stem cell,,
Skeletal muscle,UBERON_0014892,Myogenic endothelial cell,,
Skeletal muscle,UBERON_0014892,Pericyte,,
Subcutaneous adipose tissue,UBERON_0002190,Pericyte,,
Muscle,UBERON_0001630,Pericyte,,
Adipose tissue,UBERON_0001013,Pericyte,,
Brain,UBERON_0000955,Pericyte,,
Undefined,,Pericyte,,
Lung,UBERON_0002048,Pericyte,,
Skeletal muscle,UBERON_0014892,Adventitial cell,,
Undefined,,Adventitial cell,,
Blood,UBERON_0000178,White blood cell,,
Eye,UBERON_0000970,Pigment epithelial cell,,
Retina,UBERON_0000966,Pigment epithelial cell,,
Eye,UBERON_0000970,Amacrine cell,,
Inner nuclear layer of retina,UBERON_0001791,Amacrine cell,,
Retina,UBERON_0000966,Amacrine cell,,
Blood,UBERON_0000178,Immature transitional B cell,,
Lymphoid tissue,UBERON_0001744,Immature transitional B cell,,
Blood,UBERON_0000178,Memory B cell,,
Peripheral blood,UBERON_0005408,Memory B cell,,
Liver,UBERON_0002107,Memory B cell,,
Undefined,,Memory B cell,,
Lymphoid tissue,UBERON_0001744,Memory B cell,,
Blood,UBERON_0000178,Non-switched B cell,,
Blood,UBERON_0000178,Switched memory B cell,,
Peripheral blood,UBERON_0005408,Switched memory B cell,,
Blood,UBERON_0000178,Effector CD4+ memory T (Tem) cell,,
Esophagus,UBERON_0001043,Esophageal mucosal cell,,
Umbilical cord blood,UBERON_0012168,Hematopoietic stem cell,,
Bone marrow,UBERON_0002371,Hematopoietic stem cell,,
Breast,UBERON_0000310,Hematopoietic stem cell,,
Peripheral blood,UBERON_0005408,Hematopoietic stem cell,,
Corneal endothelium,UBERON_0001985,Hematopoietic stem cell,,
Periodontal ligament,UBERON_0008266,Hematopoietic stem cell,,
Tooth,UBERON_0001091,Hematopoietic stem cell,,
Embryo,UBERON_0000922,Hematopoietic stem cell,,
Blood,UBERON_0000178,Hematopoietic stem cell,,
Germ,UBERON_0000923,Hematopoietic stem cell,,
Undefined,,Hematopoietic stem cell,,
Yolk sac,UBERON_0001040,Hematopoietic stem cell,,
Bone,UBERON_0002481,Hematopoietic stem cell,,
Umbilical cord blood,UBERON_0012168,Hematopoietic progenitor cell,,
Bone marrow,UBERON_0002371,Hematopoietic progenitor cell,,
Undefined,,Hematopoietic progenitor cell,,
Yolk sac,UBERON_0001040,Hematopoietic progenitor cell,,
Hair follicle,UBERON_0002073,Neural crest stem cell,,
Undefined,,Pluripotent stem cell,,
Embryoid body,UBERON_0014374,Pluripotent stem cell,,
Ovarian cortex,UBERON_0013191,Pluripotent stem cell,,
Embryo,UBERON_0000922,Pluripotent stem cell,,
Skin,UBERON_0002097,Pluripotent stem cell,,
Peripheral blood,UBERON_0005408,Myeloid cell,,
Tonsil,UBERON_0002372,Myeloid cell,,
Undefined,,Myeloid cell,,
Bone marrow,UBERON_0002371,Myeloid cell,,
Blood,UBERON_0000178,Myeloid cell,,
Lung,UBERON_0002048,Myeloid cell,,
Aorta,UBERON_0000947,Myeloid cell,,
Peripheral blood,UBERON_0005408,Granulocyte,,
Blood,UBERON_0000178,Granulocyte,,
Undefined,,Granulocyte,,
Bone marrow,UBERON_0002371,Granulocyte,,
Lung,UBERON_0002048,Granulocyte,,
Spleen,UBERON_0002106,Granulocyte,,
Aorta,UBERON_0000947,Granulocyte,,
Bone,UBERON_0002481,Granulocyte,,
Peripheral blood,UBERON_0005408,Classical monocyte,,
Blood,UBERON_0000178,Classical monocyte,,
Peripheral blood,UBERON_0005408,Intermediate monocyte,,
Blood,UBERON_0000178,Intermediate monocyte,,
Peripheral blood,UBERON_0005408,Non-classical monocyte,,
Blood,UBERON_0000178,Non-classical monocyte,,
Bone marrow,UBERON_0002371,Non-classical monocyte,,
Peripheral blood,UBERON_0005408,Suppressive monocyte,,
Peripheral blood,UBERON_0005408,Monocyte derived dendritic cell,,
Bone marrow,UBERON_0002371,Monocyte derived dendritic cell,,
Peripheral blood,UBERON_0005408,CD16+ dendritic cell,,
Peripheral blood,UBERON_0005408,Immature myeloid cell,,
Peripheral blood,UBERON_0005408,Eosinophil,,
Sputum,UBERON_0007311,Eosinophil,,
Bronchoalveolar system,UBERON_0006524,Eosinophil,,
Sinonasal mucosa,,Eosinophil,,
Blood,UBERON_0000178,Eosinophil,,
Lung,UBERON_0002048,Eosinophil,,
Undefined,,Eosinophil,,
Peritoneal cavity,UBERON_0001179,Eosinophil,,
Bone marrow,UBERON_0002371,Eosinophil,,
Bone,UBERON_0002481,Eosinophil,,
Undefined,,Unrestricted somatic stem cell,,
Embryo,UBERON_0000922,Unrestricted somatic stem cell,,
Umbilical cord,UBERON_0002331,Unrestricted somatic stem cell,,
Peripheral blood,UBERON_0005408,Double-negative memory B cell,,
Peripheral blood,UBERON_0005408,Plasma cell,,
Salivary gland,UBERON_0001044,Plasma cell,,
Sinonasal mucosa,,Plasma cell,,
Undefined,,Plasma cell,,
Bone marrow,UBERON_0002371,Plasma cell,,
Spleen,UBERON_0002106,Plasma cell,,
Lymphoid tissue,UBERON_0001744,Plasma cell,,
Ovarian follicle,UBERON_0001305,Granulosa cell,Q1543282,Granulosa cell
Ovary,UBERON_0000992,Granulosa cell,Q1543282,Granulosa cell
Undefined,,Granulosa cell,Q1543282,Granulosa cell
Fetal gonad,,Granulosa cell,Q1543282,Granulosa cell
Ovarian follicle,UBERON_0001305,Theca interna cell,,
Undefined,,Beta cell,,
Pancreas,UBERON_0001264,Beta cell,,
Pancreatic islet,UBERON_0000006,Beta cell,,
Lung,UBERON_0002048,Alveolar epithelial progenitor cell,,
Embryonic stem cell,CL_0002322,Alveolar epithelial progenitor cell,,
Limbal epithelium,UBERON_0001772,Limbal stem cell,,
Corneal epithelium,UBERON_0001772,Limbal stem cell,,
Liver,UBERON_0002107,Liver progenitor cell,,
Fetal liver,,Liver progenitor cell,,
Breast,UBERON_0000310,Myoepithelial cell,Q1476681,Myoepithelial cell
Undefined,,Myoepithelial cell,Q1476681,Myoepithelial cell
Salivary gland,UBERON_0001044,Myoepithelial cell,Q1476681,Myoepithelial cell
Mammary gland,UBERON_0001911,Myoepithelial cell,Q1476681,Myoepithelial cell
Lacrimal gland,UBERON_0001817,Myoepithelial cell,Q1476681,Myoepithelial cell
Breast,UBERON_0000310,Immune cell,,
Ovary,UBERON_0000992,Immune cell,,
Adipose tissue,UBERON_0001013,Immune cell,,
Lung,UBERON_0002048,Immune cell,,
Lacrimal gland,UBERON_0001817,Immune cell,,
Oviduct,UBERON_0000993,Oviduct-derived stem cell,,
Sclerocorneal tissue,UBERON_0006761,Limbal mesenchymal cell,,
Plasma,UBERON_0001969,Red blood cell (erythrocyte),,
Bone marrow,UBERON_0002371,Red blood cell (erythrocyte),,
Blood,UBERON_0000178,Red blood cell (erythrocyte),,
Undefined,,Red blood cell (erythrocyte),,
Placenta,UBERON_0001987,Red blood cell (erythrocyte),,
Bone,UBERON_0002481,Red blood cell (erythrocyte),,
Adipose tissue,UBERON_0001013,Adipose multilineage-differentiating stress-enduring cell,,
Peripheral blood,UBERON_0005408,Regulatory B cell,,
Undefined,,Regulatory B cell,,
Inferior colliculus,UBERON_0001946,Neural stem cell,Q66592593,Neural stem cell
Brain,UBERON_0000955,Neural stem cell,Q66592593,Neural stem cell
Bone marrow,UBERON_0002371,Neural stem cell,Q66592593,Neural stem cell
Spinal cord,UBERON_0002240,Neural stem cell,Q66592593,Neural stem cell
Tooth,UBERON_0001091,Neural stem cell,Q66592593,Neural stem cell
Hippocampus,UBERON_0002421,Neural stem cell,Q66592593,Neural stem cell
Undefined,,Neural stem cell,Q66592593,Neural stem cell
Embryo,UBERON_0000922,Neural stem cell,Q66592593,Neural stem cell
Undefined,,Cardiac progenitor cell,,
Embryonic stem cell,CL_0002322,Cardiac progenitor cell,,
Heart,UBERON_0000948,Cardiac progenitor cell,,
Ovary,UBERON_0000992,Pluripotent very small embryonic-like cell,,
Ovary,UBERON_0000992,Ovarian germ stem cell,,
Ovary,UBERON_0000992,Germ cell,,
Embryo,UBERON_0000922,Germ cell,,
Gonad,UBERON_0000991,Germ cell,,
Undefined,,Germ cell,,
Ovarian cortex,UBERON_0013191,Germline stem cell,,
Blood,UBERON_0000178,Circulating progenitor cell,,
Peripheral blood,UBERON_0005408,Circulating progenitor cell,,
Prostate,UBERON_0002367,Prostate stem cell,,
Peripheral blood,UBERON_0005408,M2 macrophage,Q60337153,M2 macrophage
Undefined,,M2 macrophage,Q60337153,M2 macrophage
Brain,UBERON_0000955,M2 macrophage,Q60337153,M2 macrophage
Serum,UBERON_0001977,M2 macrophage,Q60337153,M2 macrophage
Lung,UBERON_0002048,M2 macrophage,Q60337153,M2 macrophage
Bone marrow,UBERON_0002371,M2 macrophage,Q60337153,M2 macrophage
Adipose tissue,UBERON_0001013,M2 macrophage,Q60337153,M2 macrophage
White adipose tissue,UBERON_0001347,M2 macrophage,Q60337153,M2 macrophage
Artery,UBERON_0001637,M2 macrophage,Q60337153,M2 macrophage
Peripheral blood,UBERON_0005408,Circulating precursor cell,,
Peripheral blood,UBERON_0005408,Endothelial precursor cell,,
Fetal liver,,Endothelial precursor cell,,
Myocardium,UBERON_0002349,Cardiomyocyte progenitor cell,,
Embryonic stem cell,CL_0002322,Cardiomyocyte progenitor cell,,
Undefined,,Smooth muscle cell,,
Blood vessel,UBERON_0001981,Smooth muscle cell,,
Adipose tissue,UBERON_0001013,Smooth muscle cell,,
Heart,UBERON_0000948,Smooth muscle cell,,
Brain,UBERON_0000955,Smooth muscle cell,,
Lung,UBERON_0002048,Smooth muscle cell,,
Undefined,,Urothelium cell,,
Bladder,,Urothelium cell,,
Kidney,UBERON_0002113,Urothelium cell,,
Amniotic fluid,UBERON_0000173,Amniotic fluid stem cell,,
Testis,UBERON_0000473,Testis somatic cell,,
Retina,UBERON_0000966,Photoreceptor cell,,
Thymus,UBERON_0002370,Myeloid dendritic cell,Q101062481,Myeloid dendritic cell
Blood,UBERON_0000178,Myeloid dendritic cell,Q101062481,Myeloid dendritic cell
Skin,UBERON_0002097,Myeloid dendritic cell,Q101062481,Myeloid dendritic cell
Lung,UBERON_0002048,Myeloid dendritic cell,Q101062481,Myeloid dendritic cell
Stomach,UBERON_0000945,Myeloid dendritic cell,Q101062481,Myeloid dendritic cell
Intestine,UBERON_0000160,Myeloid dendritic cell,Q101062481,Myeloid dendritic cell
Salivary gland,UBERON_0001044,B1 cell,,
Salivary gland,UBERON_0001044,Follicular helper (Tfh) T cell,,
Lymph node,UBERON_0000029,Follicular helper (Tfh) T cell,,
Undefined,,Follicular helper (Tfh) T cell,,
Bone marrow,UBERON_0002371,Mesenchymal progenitor cell,,
Muscle,UBERON_0001630,Mesenchymal progenitor cell,,
Bone,UBERON_0002481,Mesenchymal progenitor cell,,
Adipose tissue,UBERON_0001013,Mesenchymal progenitor cell,,
Cartilage,UBERON_0002418,Mesenchymal progenitor cell,,
Osteoarthritic cartilage,,Mesenchymal progenitor cell,,
Blood,UBERON_0000178,Mesenchymal progenitor cell,,
Lung,UBERON_0002048,Mesenchymal progenitor cell,,
Liver,UBERON_0002107,Hepatocyte,,
Fetal liver,,Hepatocyte,,
Undefined,,Hepatocyte,,
Embryoid body,UBERON_0014374,Hepatocyte,,
Gastric gland,UBERON_0000325,Gastric stem cell,,
Gastric corpus,UBERON_0001161,Gastric stem cell,,
Tonsil,UBERON_0002372,Germinal center B cell,,
Lymphoid tissue,UBERON_0001744,Germinal center B cell,,
Undefined,,Germinal center B cell,,
Spleen,UBERON_0002106,Germinal center B cell,,
Blood,UBERON_0000178,Germinal center B cell,,
Retina,UBERON_0000966,Retinal progenitor cell,Q101062580,Retinal progenitor cell
Vagina,UBERON_0000996,Vaginal cell,,
Muscle,UBERON_0001630,Muscle satellite cell,,
Muscle,UBERON_0001630,Inflammatory cell,,
Testis,UBERON_0000473,Spermatogonium,Q5560024,Spermatogonium
Blood,UBERON_0000178,Vascular stem cell,,
Blood,UBERON_0000178,Vascular progenitor cell,,
Skin,UBERON_0002097,Keratinocyte progenitor cell,,
Adipose tissue,UBERON_0001013,Adipose progenitor cell,,
Abdominal adipose tissue,UBERON_0007808,Adipose progenitor cell,,
Intestinal crypt,UBERON_0001983,Intestinal stem cell,,
Gastrointestinal tract,UBERON_0005409,Intestinal stem cell,,
Esophagus,UBERON_0001043,Intestinal stem cell,,
Colon,UBERON_0001155,Intestinal stem cell,,
Intestine,UBERON_0000160,Intestinal stem cell,,
Small intestine,UBERON_0002108,Intestinal stem cell,,
Colon epithelium,UBERON_0000397,Intestinal stem cell,,
Endometrium stroma,UBERON_0002337,Endometrial stromal stem cell,,
Peripheral blood,UBERON_0005408,Induced regulatory T (Treg) cell,,
Blood,UBERON_0000178,Induced regulatory T (Treg) cell,,
Limbal epithelium,UBERON_0001772,Corneal limbal stem cell,,
Foreskin,UBERON_0001471,Epidermal transit amplifying cell,,
Submandibular gland,UBERON_0001736,Submandibular gland stem cell,,
Salivary gland,UBERON_0001044,Serous acinar cell,,
Salivary gland,UBERON_0001044,Mucous acinar cell,,
Blood,UBERON_0000178,Lymphoid cell,,
Peripheral blood,UBERON_0005408,Lymphoid cell,,
Undefined,,Lymphoid cell,,
Heart,UBERON_0000948,Multipotent progenitor cell,,
Undefined,,Multipotent progenitor cell,,
Stomach,UBERON_0000945,Multipotent progenitor cell,,
Bone marrow,UBERON_0002371,Multipotent progenitor cell,,
Subcutaneous adipose tissue,UBERON_0002190,Megakaryocyte progenitor cell,,
Peripheral blood,UBERON_0005408,Megakaryocyte progenitor cell,,
Umbilical cord blood,UBERON_0012168,Megakaryocyte,,
Undefined,,Megakaryocyte,,
Peripheral blood,UBERON_0005408,Megakaryocyte,,
Fetal kidney,UBERON_0002120,Megakaryocyte,,
Blood,UBERON_0000178,Megakaryocyte,,
Bone marrow,UBERON_0002371,Megakaryocyte,,
Pancreas,UBERON_0001264,Endocrine progenitor cell,,
Pancreatic acinar tissue,UBERON_0001263,Endocrine progenitor cell,,
Blood,UBERON_0000178,Early hematopoietic cell,,
Renal glomerulus,UBERON_0000074,Podocyte,,
Kidney,UBERON_0002113,Podocyte,,
Renal glomerulus,UBERON_0000074,Glomerular epithelial cell,,
Periodontal ligament,UBERON_0008266,Stromal stem cell,,
Undefined,,Stromal stem cell,,
Pyloric gland,UBERON_0008861,Paneth cell,Q2004084,Paneth cell
Intestine,UBERON_0000160,Paneth cell,Q2004084,Paneth cell
Large intestine,UBERON_0000059,Paneth cell,Q2004084,Paneth cell
Intestinal crypt,UBERON_0001983,Paneth cell,Q2004084,Paneth cell
Small intestine,UBERON_0002108,Paneth cell,Q2004084,Paneth cell
Hair follicle,UBERON_0002073,Dermal papilla cell,,
Intervertebral disc,UBERON_0001066,Schwann cell,Q465621,Schwann cell
Undefined,,Schwann cell,Q465621,Schwann cell
Prostate,UBERON_0002367,Basal cell,,
Airway epithelium,UBERON_0004802,Basal cell,,
Submandibular gland,UBERON_0001736,Basal cell,,
Salivary gland,UBERON_0001044,Basal cell,,
Epithelium,UBERON_0000483,Basal cell,,
Lung,UBERON_0002048,Basal cell,,
Mammary gland,UBERON_0001911,Basal cell,,
Trachea,UBERON_0003126,Basal cell,,
Nasal epithelium,UBERON_0005384,Ciliated cell,Q101062671,Ciliated cell
Lung,UBERON_0002048,Ciliated cell,Q101062671,Ciliated cell
Trachea,UBERON_0003126,Ciliated cell,Q101062671,Ciliated cell
Adventitia,UBERON_0005742,Multipotent stem cell,,
Retina,UBERON_0000966,Muller glia precursor cell,,
Undefined,,Cancer stem cell,,
Pancreas,UBERON_0001264,Cancer stem cell,,
Serum,UBERON_0001977,Cancer stem cell,,
Embryo,UBERON_0000922,Cancer stem cell,,
Kidney,UBERON_0002113,Cancer stem cell,,
Prostate,UBERON_0002367,Cancer stem cell,,
Ovary,UBERON_0000992,Cancer stem cell,,
Stomach,UBERON_0000945,Cancer stem cell,,
Lung,UBERON_0002048,Cancer stem cell,,
Endometrium,UBERON_0001295,Cancer stem cell,,
Blood,UBERON_0000178,Null cell,,
Fetal brain,,Central nervous system stem cell,,
Dermis,UBERON_0002067,Osteogenic precursor-like cell,,
Peripheral blood,UBERON_0005408,CD4-CD28+ T cell,,
Peripheral blood,UBERON_0005408,CD4-CD28- T cell,,
Ovarian follicle,UBERON_0001305,Luteinizing granulosa cell,,
Peripheral blood,UBERON_0005408,Suppressor T cell,,
Blood,UBERON_0000178,Decidual cell,,
Placenta,UBERON_0001987,Decidual cell,,
Uterus,UBERON_0000995,Decidual cell,,
Blood,UBERON_0000178,Activated CD4+ T cell,,
Hair follicle,UBERON_0002073,Hair follicle cell,,
Subcutaneous adipose tissue,UBERON_0002190,Mature endothelial cell,,
Blood,UBERON_0000178,Mature endothelial cell,,
Subcutaneous adipose tissue,UBERON_0002190,Immature endothelial cell,,
Blood,UBERON_0000178,CD14+ endothelial progenitor cell,,
Adipose tissue,UBERON_0001013,Dedifferentiation adipocyte,,
Liver,UBERON_0002107,Bile duct cell,,
Tonsil,UBERON_0002372,Follicular dendritic cell,,
Spleen,UBERON_0002106,Follicular dendritic cell,,
Blood,UBERON_0000178,Basophil,,
Peripheral blood,UBERON_0005408,Basophil,,
Umbilical cord blood,UBERON_0012168,Basophil,,
Lung,UBERON_0002048,Basophil,,
Undefined,,Basophil,,
Bone marrow,UBERON_0002371,Basophil,,
Skeletal muscle,UBERON_0014892,Muscle-derived cell,,
Blood,UBERON_0000178,Progenitor-like angiogenesis-promoting cell,,
Midbrain,UBERON_0001891,Dopaminergic neuron,,
Undefined,,Dopaminergic neuron,,
Adipose tissue,UBERON_0001013,Neuron,,
Spinal cord,UBERON_0002240,Neuron,,
Brain,UBERON_0000955,Neuron,,
Embryo,UBERON_0000922,Neuron,,
Undefined,,Neuron,,
Embryonic prefrontal cortex,,Neuron,,
Kidney,UBERON_0002113,Neuron,,
Artery,UBERON_0001637,Neuron,,
Carotid artery,UBERON_0001530,Neuron,,
Peripheral blood,UBERON_0005408,IL-17Ralpha T cell,,
Corneal endothelium,UBERON_0001985,Corneal endothelial cell,,
Eye,UBERON_0000970,Corneal endothelial cell,,
Embryonic stem cell,CL_0002322,Corneal epithelial progenitor cell,,
Colon,UBERON_0001155,Colonic stem cell,,
Kidney,UBERON_0002113,Infiltrated mononuclear cell,,
Peripheral blood,UBERON_0005408,Naive T cell,Q6959842,Naive T cell
Bone marrow,UBERON_0002371,Naive T cell,Q6959842,Naive T cell
Umbilical cord blood,UBERON_0012168,Naive T cell,Q6959842,Naive T cell
Blood,UBERON_0000178,Naive T cell,Q6959842,Naive T cell
Undefined,,Naive T cell,Q6959842,Naive T cell
Peripheral blood,UBERON_0005408,Central memory T cell,,
Undefined,,Central memory T cell,,
Peripheral blood,UBERON_0005408,Effector memory T cell,,
Undefined,,Effector memory T cell,,
Peripheral blood,UBERON_0005408,Effector T cell,,
Undefined,,Effector T cell,,
Thymus,UBERON_0002370,Cortical thymus epithelial cell,,
Thymus,UBERON_0002370,Medullary thymus epithelial cell,,
Embryonic stem cell,CL_0002322,Cardiomyocyte,,
Pluripotent stem cell,CL_0002248,Cardiomyocyte,,
Heart,UBERON_0000948,Cardiomyocyte,,
Undefined,,Cardiomyocyte,,
Embryo,UBERON_0000922,Cardiomyocyte,,
Embryonic heart,UBERON_0006283,Cardiomyocyte,,
Undefined,,M1 macrophage,,
Brain,UBERON_0000955,M1 macrophage,,
Lung,UBERON_0002048,M1 macrophage,,
Peripheral blood,UBERON_0005408,M1 macrophage,,
Adipose tissue,UBERON_0001013,M1 macrophage,,
White adipose tissue,UBERON_0001347,M1 macrophage,,
Serum,UBERON_0001977,M1 macrophage,,
Artery,UBERON_0001637,M1 macrophage,,
Skin,UBERON_0002097,Keratinocyte,,
Epithelium,UBERON_0000483,Keratinocyte,,
Pluripotent stem cell,CL_0002248,Flk1+ mesodermal cell,,
Embryo,UBERON_0000922,Flk1+ mesodermal cell,,
Prostate,UBERON_0002367,Colony-forming cell,,
Pluripotent stem cell,CL_0002248,Hepatic progenitor-like cell,,
Blood,UBERON_0000178,Angiogenic T cell,,
Bone,UBERON_0002481,Multipotent postnatal stem cell,,
Bone,UBERON_0002481,Multipotent postnatal progenitor cell,,
Fetal liver,,Liver stem cell,,
Liver,UBERON_0002107,Liver stem cell,,
Stomach,UBERON_0000945,Oxyntic stem cell,,
Stomach,UBERON_0000945,Oxyntic progenitor cell,,
Embryonic stem cell,CL_0002322,Pancreatic progenitor cell,Q25325366,Pancreatic progenitor cell
Pancreas,UBERON_0001264,Pancreatic progenitor cell,Q25325366,Pancreatic progenitor cell
Embryo,UBERON_0000922,Pancreatic progenitor cell,Q25325366,Pancreatic progenitor cell
Embryonic stem cell,CL_0002322,Pancreatic endoderm cell,,
Undefined,,Pancreatic endoderm cell,,
Laryngeal squamous epithelium,UBERON_0006914,Epithelial stem cell,,
Corneal epithelium,UBERON_0001772,Epithelial stem cell,,
Skin,UBERON_0002097,Epithelial stem cell,,
Embryonic stem cell,CL_0002322,Vascular smooth muscle cell,Q101062544,Vascular smooth muscle cell
Placenta,UBERON_0001987,Vascular smooth muscle cell,Q101062544,Vascular smooth muscle cell
Oral mucosa,UBERON_0003729,Buccal epithelial stem cell,,
Brain,UBERON_0000955,Microglial cell,,
Optic nerve,UBERON_0004904,Microglial cell,,
Undefined,,Microglial cell,,
Embryonic prefrontal cortex,,Microglial cell,,
Kidney,UBERON_0002113,Microglial cell,,
Embryonic stem cell,CL_0002322,Embryonic stem cell,,
Undefined,,Embryonic stem cell,,
Periodontal ligament,UBERON_0008266,Embryonic stem cell,,
Embryo,UBERON_0000922,Embryonic stem cell,,
Tooth,UBERON_0001091,Embryonic stem cell,,
Hair follicle,UBERON_0002073,Embryonic stem cell,,
Germ,UBERON_0000923,Embryonic stem cell,,
Blood,UBERON_0000178,Embryonic stem cell,,
Prostate,UBERON_0002367,Luminal cell,,
Embryonic stem cell,CL_0002322,PDX1+ pancreatic progenitor cell,,
Embryonic stem cell,CL_0002322,Progenitor cell,,
Stomach,UBERON_0000945,Progenitor cell,,
Bone,UBERON_0002481,Progenitor cell,,
Corneal epithelium,UBERON_0001772,Progenitor cell,,
Liver,UBERON_0002107,Progenitor cell,,
Fetal liver,,Progenitor cell,,
Breast,UBERON_0000310,Progenitor cell,,
Undefined,,Progenitor cell,,
Bone marrow,UBERON_0002371,Progenitor cell,,
Skin,UBERON_0002097,Progenitor cell,,
Hair follicle,UBERON_0002073,Progenitor cell,,
Muscle,UBERON_0001630,Progenitor cell,,
Pancreas,UBERON_0001264,Progenitor cell,,
Eye,UBERON_0000970,Progenitor cell,,
Mammary gland,UBERON_0001911,Progenitor cell,,
Brain,UBERON_0000955,Progenitor cell,,
Undefined,,Side-population cell,,
Muscle,UBERON_0001630,Side-population cell,,
Spinal cord,UBERON_0002240,Astrocyte,,
Brain,UBERON_0000955,Astrocyte,,
Undefined,,Astrocyte,,
Embryonic prefrontal cortex,,Astrocyte,,
Kidney,UBERON_0002113,Astrocyte,,
Embryo,UBERON_0000922,Astrocyte,,
Spinal cord,UBERON_0002240,Cholinergic neuron,,
Undefined,,Cholinergic neuron,,
Bone marrow,UBERON_0002371,Erythroid precursor,,
Small intestinal crypt,UBERON_0001241,Small intestinal stem cell,,
Small intestine,UBERON_0002108,Small intestinal stem cell,,
Hair follicle,UBERON_0002073,Merkel cell,Q1570264,Merkel cell
Skin,UBERON_0002097,Merkel cell,Q1570264,Merkel cell
Dorsolateral prefrontal cortex,UBERON_0009834,Interstitial cell,Q6057165,Interstitial cell
Bladder,,Interstitial cell,Q6057165,Interstitial cell
Dorsolateral prefrontal cortex,UBERON_0009834,Glutamatergic neuron,,
Brain,UBERON_0000955,Glutamatergic neuron,,
Undefined,,Glutamatergic neuron,,
Adipose tissue,UBERON_0001013,Preadipocyte,,
White adipose tissue,UBERON_0001347,Preadipocyte,,
Adipose tissue,UBERON_0001013,Multipotent mesenchymal stroma cell,,
Bone marrow,UBERON_0002371,Multipotent mesenchymal stroma cell,,
Blood,UBERON_0000178,CD14+CD16+ monocyte,,
Peripheral blood,UBERON_0005408,CD14+CD16+ monocyte,,
Blood,UBERON_0000178,CD14++CD16- monocyte,,
Undefined,,Type II pneumocyte,Q3272858,Type II pneumocyte
Lung,UBERON_0002048,Type II pneumocyte,Q3272858,Type II pneumocyte
Undefined,,Clara cell,,
Lung,UBERON_0002048,Clara cell,,
Bronchiole,UBERON_0002186,Clara cell,,
Trachea,UBERON_0003126,Clara cell,,
Kidney,UBERON_0002113,Mesangial cell,,
Fetal liver,,Hematopoietic precursor cell,,
Bone marrow,UBERON_0002371,Bone marrow stem cell,Q66592409,Bone marrow stem cell
Myometrium,UBERON_0001296,Myometrial stem cell,,
Bone marrow,UBERON_0002371,Osteoblast,,
Bone,UBERON_0002481,Osteoblast,,
Gastric epithelium,UBERON_0005477,Zymogenic chief cell,,
Eye,UBERON_0000970,Corneal epithelial stem cell,,
Heart,UBERON_0000948,Cardiovascular progenitor cell,,
Blood,UBERON_0000178,Naive CD4+ T cell,,
Peripheral blood,UBERON_0005408,Naive CD4+ T cell,,
Blood,UBERON_0000178,Thymic emigrant cell,,
Esophagus,UBERON_0001043,Stem cell,,
Pancreas,UBERON_0001264,Stem cell,,
Blood vessel,UBERON_0001981,Stem cell,,
Prostate,UBERON_0002367,Stem cell,,
Ovarian cortex,UBERON_0013191,Stem cell,,
Ovary,UBERON_0000992,Stem cell,,
Stomach,UBERON_0000945,Stem cell,,
Gastric gland,UBERON_0000325,Stem cell,,
Placenta,UBERON_0001987,Stem cell,,
Amniotic fluid,UBERON_0000173,Stem cell,,
Amniotic membrane,UBERON_0009742,Stem cell,,
Submandibular gland,UBERON_0001736,Stem cell,,
Muscle,UBERON_0001630,Stem cell,,
Brain,UBERON_0000955,Stem cell,,
Adipose tissue,UBERON_0001013,Stem cell,,
Testis,UBERON_0000473,Stem cell,,
Endometrium,UBERON_0001295,Stem cell,,
Cartilage,UBERON_0002418,Stem cell,,
Gastrointestinal tract,UBERON_0005409,Stem cell,,
Bone,UBERON_0002481,Stem cell,,
Eye,UBERON_0000970,Stem cell,,
Lacrimal gland,UBERON_0001817,Stem cell,,
Limbal epithelium,UBERON_0001772,Stem cell,,
Deciduous tooth,UBERON_0007115,Stem cell,,
Molar,UBERON_0003655,Stem cell,,
Periodontal ligament,UBERON_0008266,Stem cell,,
Dental pulp,UBERON_0001754,Stem cell,,
Liver,UBERON_0002107,Stem cell,,
Undefined,,Stem cell,,
Fetal liver,,Stem cell,,
Hair follicle,UBERON_0002073,Stem cell,,
Kidney,UBERON_0002113,Stem cell,,
Colon,UBERON_0001155,Stem cell,,
Mammary gland,UBERON_0001911,Stem cell,,
Bone marrow,UBERON_0002371,Stem cell,,
Adrenal gland,UBERON_0002369,Definitive zone cell,,
Adrenal gland,UBERON_0002369,Chromaffin cell,,
Foreskin,UBERON_0001471,Epidermal stem cell,,
Skin,UBERON_0002097,Epidermal stem cell,,
Epidermis,UBERON_0001003,Epidermal stem cell,,
Blood,UBERON_0000178,Erythroblast,,
Fetal liver,,Erythroblast,,
Peripheral blood,UBERON_0005408,Large granular lymphocyte,,
Umbilical cord blood,UBERON_0012168,Erythroid cell,,
Undefined,,Erythroid cell,,
Lacrimal gland,UBERON_0001817,Erythroid cell,,
Bone marrow,UBERON_0002371,Erythroid cell,,
Bone marrow,UBERON_0002371,T1 (Transitional) B cell,,
Spleen,UBERON_0002106,T1 (Transitional) B cell,,
Bone marrow,UBERON_0002371,T2 (Transitional) B cell,,
Limbal epithelium,UBERON_0001772,Limbal epithelial stem cell,,
Testis,UBERON_0000473,Leydig cell,Q636846,Leydig cell
Fetal gonad,,Leydig cell,Q636846,Leydig cell
Testis,UBERON_0000473,Peritubular myoid cell,Q48997538,Peritubular myoid cell
Bone marrow,UBERON_0002371,Dendritic cell progenitor,,
Periodontal ligament,UBERON_0008266,Periodontal ligament stem cell,,
Ovary,UBERON_0000992,Germinal stem cell,,
Dental pulp,UBERON_0001754,Dental pulp cell,Q66592938,Dental pulp cell
Breast,UBERON_0000310,Epithelial progenitor cell,,
Lung,UBERON_0002048,Epithelial progenitor cell,,
Corneal epithelium,UBERON_0001772,Epithelial progenitor cell,,
Lacrimal gland,UBERON_0001817,Epithelial progenitor cell,,
Breast,UBERON_0000310,Luminal progenitor,,
Mammary gland,UBERON_0001911,Luminal progenitor,,
Breast,UBERON_0000310,Basal progenitor cell,,
Jejunum,UBERON_0002115,Intestinal epithelial stem cell,,
Intestine,UBERON_0000160,Intestinal epithelial stem cell,,
Venous blood,UBERON_0013756,Atypical memory B cell,,
Pancreas,UBERON_0001264,Pancreatic ductal stem cell,,
Bone marrow,UBERON_0002371,Bone marrow stromal cell,Q101062563,Bone marrow stromal cell
Prostate,UBERON_0002367,Early transit-amplifying prostate epithelial cell,,
Prostate,UBERON_0002367,Late transit-amplifying prostate epithelial cell,,
Ovary,UBERON_0000992,Thecal cell,,
Skin,UBERON_0002097,Langerhans cell,Q1623344,Langerhans cell
Bone marrow,UBERON_0002371,Langerhans cell,Q1623344,Langerhans cell
Brain,UBERON_0000955,Glial cell,,
Sympathetic ganglion,UBERON_0001806,Glial cell,,
Nerve,UBERON_0001021,Glial cell,,
Undefined,,Glial cell,,
Peripheral blood,UBERON_0005408,Lymphoid stem cell,,
Fetal pancreas,UBERON_0003922,Neuroendocrine cell,,
Pancreas,UBERON_0001264,Neuroendocrine cell,,
Lung,UBERON_0002048,Neuroendocrine cell,,
Undefined,,Neuroendocrine cell,,
Trachea,UBERON_0003126,Neuroendocrine cell,,
Hair follicle,UBERON_0002073,Epithelial hair follicle stem cell,,
Embryonic stem cell,CL_0002322,Retinal ganglion cell,,
Undefined,,Retinal ganglion cell,,
Ganglion cell layer of retina,UBERON_0008926,Retinal ganglion cell,,
Retina,UBERON_0000966,Retinal ganglion cell,,
Endometrium,UBERON_0001295,Somatic stem cell,,
Bone marrow,UBERON_0002371,Lymphoid-primed multipotent progenitor,,
Undefined,,Lymphoid-primed multipotent progenitor,,
Bone marrow,UBERON_0002371,Mast cell progenitor,,
Lymphoid tissue,UBERON_0001744,CD4+ memory T cell,,
Peripheral blood,UBERON_0005408,CD4+ memory T cell,,
Pancreas,UBERON_0001264,Acinar cell,,
Salivary gland,UBERON_0001044,Acinar cell,,
Pancreatic islet,UBERON_0000006,Acinar cell,,
Pancreatic islet,UBERON_0000006,Alpha cell,,
Pancreas,UBERON_0001264,Alpha cell,,
Pancreas,UBERON_0001264,Delta cell,,
Kidney,UBERON_0002113,Cancer cell,,
Ovary,UBERON_0000992,Cancer cell,,
Ovary,UBERON_0000992,Ovarian somatic cell,,
Ovary,UBERON_0000992,Oocyte,,
Embryo,UBERON_0000922,Oocyte,,
Amniotic membrane,UBERON_0009742,Stromal cell,,
Adipose tissue,UBERON_0001013,Stromal cell,,
Bone marrow,UBERON_0002371,Stromal cell,,
Undefined,,Stromal cell,,
Embryoid body,UBERON_0014374,Stromal cell,,
Prostate,UBERON_0002367,Stromal cell,,
Umbilical cord blood,UBERON_0012168,Stromal cell,,
Brain,UBERON_0000955,Oligodendrocyte progenitor cell,,
Undefined,,Oligodendrocyte progenitor cell,,
Embryonic prefrontal cortex,,Oligodendrocyte progenitor cell,,
Undefined,,Mesothelial cell,,
Lung,UBERON_0002048,Mesothelial cell,,
Brain,UBERON_0000955,Purkinje cell,Q1570272,Purkinje cell
Undefined,,Purkinje cell,Q1570272,Purkinje cell
Cartilage,UBERON_0002418,Chondrocyte,,
Peripheral blood,UBERON_0005408,Activated B cell,,
Undefined,,Activated B cell,,
Lymph node,UBERON_0000029,Activated B cell,,
Liver,UBERON_0002107,Myofibroblast,,
Undefined,,Myofibroblast,,
Lung,UBERON_0002048,Myofibroblast,,
Breast,UBERON_0000310,Luminal epithelial cell,Q101062619,Luminal epithelial cell
Prostate,UBERON_0002367,Luminal epithelial cell,Q101062619,Luminal epithelial cell
Breast,UBERON_0000310,Basal epithelial cell,,
Prostate,UBERON_0002367,Basal epithelial cell,,
Undefined,,Type I pneumocyte,Q3296912,Type I pneumocyte
Lung,UBERON_0002048,Type I pneumocyte,Q3296912,Type I pneumocyte
Lung,UBERON_0002048,Lung epithelial cell,,
Bone marrow,UBERON_0002371,Mast cell,,
Kidney,UBERON_0002113,Mast cell,,
Undefined,,Mast cell,,
Peritoneal cavity,UBERON_0001179,Mast cell,,
Kidney,UBERON_0002113,Nephron epithelial cell,,
Undefined,,Activated T cell,,
Lymph node,UBERON_0000029,Activated T cell,,
Adipose tissue,UBERON_0001013,Fat cell (adipocyte),,
Peripheral blood,UBERON_0005408,CD4+ T helper cell,,
Spleen,UBERON_0002106,CD4+ T helper cell,,
Lymphoid tissue,UBERON_0001744,CD4+ T helper cell,,
Peripheral blood,UBERON_0005408,CD4+CD25+ regulatory T cell,,
Spleen,UBERON_0002106,CD4+CD25+ regulatory T cell,,
Lymphoid tissue,UBERON_0001744,CD4+CD25+ regulatory T cell,,
Undefined,,CD8+ cytotoxic T cell,,
Peripheral blood,UBERON_0005408,CD8+ cytotoxic T cell,,
Germ,UBERON_0000923,Common lymphoid progenitor,,
Undefined,,Common lymphoid progenitor,,
Undefined,,Common myeloid progenitor,,
Bone marrow,UBERON_0002371,Common myeloid progenitor,,
Undefined,,Conventional dendritic cell,,
Bone marrow,UBERON_0002371,Conventional dendritic cell,,
Germ,UBERON_0000923,Definitive endoderm cell,,
Undefined,,Definitive endoderm cell,,
Undefined,,Mesoderm cell,,
Germ,UBERON_0000923,Mesoderm cell,,
Embryo,UBERON_0000922,Mesoderm cell,,
Germ,UBERON_0000923,Ectoderm cell,,
Embryo,UBERON_0000922,Ectoderm cell,,
Peripheral blood,UBERON_0005408,Effector regulatory T (Treg) cell,,
Undefined,,Induced pluripotent stem cell,,
Blood vessel,UBERON_0001981,Endothelial stem cell,,
Undefined,,Exhausted T cell,,
Undefined,,Follicular B cell,,
Lymphoid tissue,UBERON_0001744,Follicular B cell,,
Undefined,,GABAergic neuron,Q66591221,GABAergic neuron
Undefined,,Granulocyte-monocyte progenitor,,
Germ,UBERON_0000923,Granulocyte-monocyte progenitor,,
Umbilical cord blood,UBERON_0012168,Granulocyte-monocyte progenitor,,
Bone marrow,UBERON_0002371,Granulocyte-monocyte progenitor,,
Germ,UBERON_0000923,Hemangioblast,Q1642030,Hemangioblast
Mesonephros,UBERON_0000080,Hemangioblast,Q1642030,Hemangioblast
Undefined,,IgG memory B cell,,
Undefined,,Immature neuron,Q101003994,Immature neuron
Brain,UBERON_0000955,Immature neuron,Q101003994,Immature neuron
Undefined,,Intermediate progenitor cell,,
Undefined,,Marginal zone B cell,,
Spleen,UBERON_0002106,Marginal zone B cell,,
Lymphoid tissue,UBERON_0001744,Marginal zone B cell,,
Undefined,,Megakaryocyte erythroid cell,,
Germ,UBERON_0000923,Megakaryocyte-erythroid progenitor,,
Undefined,,Megakaryocyte-erythroid progenitor,,
Bone marrow,UBERON_0002371,Megakaryocyte-erythroid progenitor,,
Germ,UBERON_0000923,Mesodermal embryonic stem cell,,
Germ,UBERON_0000923,Myeloblast,,
Peripheral blood,UBERON_0005408,Naive regulatory T (Treg) cell,,
Undefined,,Natural memory B cell,,
Germ,UBERON_0000923,Neural crest cell,,
Undefined,,Neural crest cell,,
Embryo,UBERON_0000922,Neural crest cell,,
Germ,UBERON_0000923,Neural tube cell,,
Undefined,,Neuroepithelial cell,,
Germ,UBERON_0000923,Primitive endoderm cell,,
Embryo,UBERON_0000922,Primitive endoderm cell,,
Germ,UBERON_0000923,Proerythroblast,,
Undefined,,Pyramidal cell,,
Undefined,,Radial glial cell,,
Brain,UBERON_0000955,Radial glial cell,,
Undefined,,Serotonergic neuron,,
Undefined,,Specialist antigen presenting cell,,
Undefined,,T helper9 (Th9) cell,,
Bone marrow,UBERON_0002371,Myeloid conventional dendritic cell,,
Undefined,,CD4+ regulatory T cell,,
Undefined,,CD8+ regulatory T cell,,
Colorectum,UBERON_0012652,Colorectal stem cell,,
Lung,UBERON_0002048,Airway secretory cell,,
Pancreas,UBERON_0001264,Pancreatic polypeptide cell,,
Undefined,,Neuronal progenitor cell,,
Undefined,,Trophoblast stem cell,Q101062701,Trophoblast stem cell
Lung,UBERON_0002048,Idiopathic pulmonary fibrosis cell,,
Embryoid body,UBERON_0014374,Muscle cell,,
Embryoid body,UBERON_0014374,Neural cell,,
Peripheral blood,UBERON_0005408,pro-Natural killer cell (pro-NK cell),,
Embryo,UBERON_0000922,Trophectoderm cell,,
Embryo,UBERON_0000922,Epiblast cell,Q101003525,Epiblast cell
Embryonic prefrontal cortex,,Interneuron,,
Brain,UBERON_0000955,Oligodendrocyte precursor cell,,
Spinal cord,UBERON_0002240,Oligodendrocyte precursor cell,,
Peripheral blood,UBERON_0005408,Naive CD8+ T cell,,
Peripheral blood,UBERON_0005408,Effector CD8+ memory T (Tem) cell,,
Liver,UBERON_0002107,Exhausted CD4+ T cell,,
Liver,UBERON_0002107,CD4+ cytotoxic T cell,,
Muscle,UBERON_0001630,Myotube,,
Muscle,UBERON_0001630,Myoblast,,
Liver,UBERON_0002107,Liver bud hepatic cell,,
Fetal liver,,Lymphoblast,,
Lung,UBERON_0002048,Secretory cell,Q66592781,Secretory cell
Trachea,UBERON_0003126,Secretory cell,Q66592781,Secretory cell
Lung,UBERON_0002048,Brush cell (Tuft cell),,
Intestinal crypt,UBERON_0001983,Brush cell (Tuft cell),,
Trachea,UBERON_0003126,Brush cell (Tuft cell),,
Small intestine,UBERON_0002108,Brush cell (Tuft cell),,
Lung,UBERON_0002048,Ionocyte cell,,
Trachea,UBERON_0003126,Ionocyte cell,,
Lung,UBERON_0002048,FOXN4+ cell,,
Lung,UBERON_0002048,SLC16A7+ cell,,
Pancreas,UBERON_0001264,Ductal cell,,
Pancreas,UBERON_0001264,PP cell,Q1968774,PP cell
Esophagus,UBERON_0001043,Ciliated epithelial cell,,
Esophagus,UBERON_0001043,Secretory progenitor cell,,
Small intestine,UBERON_0002108,Secretory progenitor cell,,
Large intestine,UBERON_0000059,Secretory progenitor cell,,
Esophagus,UBERON_0001043,FGFR1LowNME5- epithelial cell,,
Esophagus,UBERON_0001043,FGFR1HighNME5- epithelial cell,,
Stomach,UBERON_0000945,HES1High progenitor cell,,
Stomach,UBERON_0000945,Parietal progenitor cell,,
Stomach,UBERON_0000945,Pit progenitor cell,,
Stomach,UBERON_0000945,Pit cell,,
Small intestine,UBERON_0002108,Tuft progenitor cell,,
Small intestine,UBERON_0002108,PROCR+ progenitor cell,,
Small intestine,UBERON_0002108,Enterocyte progenitor cell,,
Small intestine,UBERON_0002108,Goblet cell,,
Large intestine,UBERON_0000059,Goblet cell,,
Intestine,UBERON_0000160,Goblet cell,,
Lung,UBERON_0002048,Goblet cell,,
Intestinal crypt,UBERON_0001983,Goblet cell,,
Small intestine,UBERON_0002108,LGR5+ stem cell,,
Large intestine,UBERON_0000059,LGR5+ stem cell,,
Small intestine,UBERON_0002108,Enteroendocrine cell,,
Large intestine,UBERON_0000059,Enteroendocrine cell,,
Intestinal crypt,UBERON_0001983,Enteroendocrine cell,,
Large intestine,UBERON_0000059,DCLK1+ progenitor cell,,
Large intestine,UBERON_0000059,MKI67+ progenitor cell,,
Large intestine,UBERON_0000059,PROM1High progenitor cell,,
Large intestine,UBERON_0000059,PROM1Low progenitor cell,,
Large intestine,UBERON_0000059,Goblet progenitor cell,,
Large intestine,UBERON_0000059,Enterocyte,,
Intestinal crypt,UBERON_0001983,Enterocyte,,
Small intestine,UBERON_0002108,Enterocyte,,
Fetal gonad,,Mitotic fetal germ cell,,
Fetal gonad,,Retinoid acid signaling-responsive fetal germ cell,,
Fetal gonad,,Meiotic prophase fetal germ cell,,
Fetal gonad,,Oogenesis phase fetal germ cell,,
Fetal gonad,,Migration phase fetal germ cell,,
Fetal gonad,,Gonadal mitotic phase fetal germ cell,,
Fetal gonad,,Mitotic arrest phase fetal germ cell,,
Fetal gonad,,Leydig precursor cell,,
Fetal gonad,,Gonadal endothelial cell,,
Placenta,UBERON_0001987,Vascular endothelial cell,,
Kidney,UBERON_0002113,Vascular endothelial cell,,
Placenta,UBERON_0001987,Extravillous trophoblast cell,,
Placenta,UBERON_0001987,Villous cytotrophoblast,,
Placenta,UBERON_0001987,Syncytiotrophoblast,,
Breast,UBERON_0000310,Luminal progenitor cell,,
Umbilical cord blood,UBERON_0012168,Lymphoid-primed multipotent progenitor cell,,
Umbilical cord blood,UBERON_0012168,Multilymphoid progenitor cell,,
Blood,UBERON_0000178,CD141+CLEC9A+ dendritic cell,,
Blood,UBERON_0000178,CD1C+_A dendritic cell,,
Blood,UBERON_0000178,CD1C+_B dendritic cell,,
Blood,UBERON_0000178,CD1C-CD141- dendritic cell,,
Blood,UBERON_0000178,AXL+SIGLEC6+ dendritic cell,,
Fetal kidney,UBERON_0002120,Ureteric bud cell,,
Fetal kidney,UBERON_0002120,Primitive vesicle cell,,
Embryo,UBERON_0000922,1-cell stage cell (Blastomere),,
Embryo,UBERON_0000922,4-cell stage cell (Blastomere),,
Embryo,UBERON_0000922,8-cell stage cell (Blastomere),,
Embryo,UBERON_0000922,Morula cell (Blastomere),,
Bone marrow,UBERON_0002371,Blastema cell,,
Taste bud,UBERON_0001727,Type II taste bud cell,,
Taste bud,UBERON_0001727,Type III taste bud cell,,
Adipose tissue,UBERON_0001013,White fat cell,,
Meniscus,UBERON_0000387,Meniscus-derived stem cell,,
Meniscus,UBERON_0000387,Meniscus-derived progenitor cell,,
Lung,UBERON_0002048,Alveolar macrophage,,
Bone marrow,UBERON_0002371,CD8a+ dendritic cell,,
Spleen,UBERON_0002106,CD4+ T follicular helper cell,,
Brain,UBERON_0000955,Bipotent glial progenitor cell,,
Serum,UBERON_0001977,Classical macrophage,,
Serum,UBERON_0001977,Alternative macrophage,,
Retina,UBERON_0000966,Rod photoreceptor precursor cell,,
Brain,UBERON_0000955,Peripheral monocyte,,
Cerebellum,UBERON_0002037,Rhombic lip cell,,
Esophagus,UBERON_0001043,Oesophageal progenitor cell,,
Esophagus,UBERON_0001043,Oesophageal stem cell,,
Prostate,UBERON_0002367,Prostate progenitor cell,,
Embryoid body,UBERON_0014374,Endometrial precursor cell,,
White adipose tissue,UBERON_0001347,Adipogenic progenitor cell,,
Cochlea,UBERON_0001844,Tympanic border cell,,
Ovary,UBERON_0000992,Oogonial stem cell,,
Basilar membrane,UBERON_0002226,Auditory progenitor cell,,
Basilar membrane,UBERON_0002226,Hair cell,,
Cochlea,UBERON_0001844,Hair cell,,
Heart,UBERON_0000948,Sinoatrial node cell,,
Pancreas,UBERON_0001264,Pancreatic ductal cell,,
Muscle,UBERON_0001630,Quiescent satellite cell,,
Embryo,UBERON_0000922,Mural cell,,
Brain,UBERON_0000955,Mural cell,,
Pancreas,UBERON_0001264,Duct cell,,
Bone marrow,UBERON_0002371,Osteoclast precursor cell,Q101062534,Osteoclast precursor cell
Umbilical cord blood,UBERON_0012168,Proangiogenic cell,,
Testis,UBERON_0000473,Testicular stem cell,,
Skeletal muscle,UBERON_0014892,Skeletal muscle stem cell,,
Heart muscle,UBERON_0002349,Heart muscle stem cell,,
Undefined,,Gamma delta T cell,Q3077796,Gamma delta T cell
Testis,UBERON_0000473,Immature sertoli cell,,
Testis,UBERON_0000473,Mature sertoli cell,,
Ileum,UBERON_0002116,Enterochromaffin cell,,
Brain,UBERON_0000955,NG2-glia cell,,
Embryo,UBERON_0000922,Chondro progenitor cell,,
Embryo,UBERON_0000922,Incisor epithelial stem cell,,
Inner Ear,UBERON_0001846,Outer Pillar Cell,,
Testis,UBERON_0000473,Undifferentiated type A spermatogonium,,
Blood,UBERON_0000178,CD3+ T cell,,
Adipose tissue,UBERON_0001013,Brown fat cell,,
Adipose tissue,UBERON_0001013,Beige fat cell,,
Bone,UBERON_0002481,Chondrocyte-derived bone cell,,
Thymus,UBERON_0002370,Thymus-derived regulatory T (Treg) cell,,
Lacrimal gland,UBERON_0001817,Lacrimal gland germ epithelial cell,,
Heart,UBERON_0000948,Atrial cell,,
Heart,UBERON_0000948,Ventricular compact cell,,
Heart,UBERON_0000948,Ventricular trabecular cell,,
Undefined,,Oval cell,Q101062519,Oval cell
Spleen,UBERON_0002106,Erythroid progenitor,,
Bone,UBERON_0002481,Erythroid progenitor,,
Small intestine,UBERON_0002108,Quiescent small intestinal stem cell,,
Spleen,UBERON_0002106,Polymorphonuclear neutrophil,,
Lung,UBERON_0002048,Polymorphonuclear neutrophil,,
Bone marrow,UBERON_0002371,Polymorphonuclear neutrophil,,
Blood,UBERON_0000178,Polymorphonuclear neutrophil,,
Neural tube,UBERON_0001049,Neuron-restricted precursor,,
Neural tube,UBERON_0001049,Glial-restricted precursor,,
Skin,UBERON_0002097,Dermal fibroblast,,
Embryo,UBERON_0000922,Ventricular cardiomyocyte,,
Lung,UBERON_0002048,Airway dendritic cell,,
Thymus,UBERON_0002370,Naive thymic NKT17 cell,,
Ovary,UBERON_0000992,Ovarian surface epithelial cell,,
Stomach,UBERON_0000945,Stomach stem cell,,
Testis,UBERON_0000473,Stem leydig cell,,
Spleen,UBERON_0002106,Mature naive B cell,,
Small intestine,UBERON_0002108,IgA lamina propria lymphocyte,,
Taste bud,UBERON_0001727,Taste bud cell,,
Brain,UBERON_0000955,Vascular cell,,
Brain,UBERON_0000955,Leptomeningeal cell,,
Brain,UBERON_0000955,Ependymal cell,,
Brain,UBERON_0000955,Olfactory ensheathing glia,Q7086506,Olfactory ensheathing glia
Carotid artery,UBERON_0001530,Glomus cell,,
Carotid artery,UBERON_0001530,Olfactory sensory neuron,,
Brain,UBERON_0000955,Olfactory sensory neuron,,
Carotid artery,UBERON_0001530,Vomeronasal sensory neuron,,
Lung,UBERON_0002048,Lipofibroblast,,
Brain,UBERON_0000955,Neuroblast,,
Embryo,UBERON_0000922,Skin stem cell,,
Brain,UBERON_0000955,Astrocyte precursor cell,,
Bone,UBERON_0002481,Osteogenic cell,,
Adipose tissue,UBERON_0001013,Osteogenic cell,,
Adipose tissue,UBERON_0001013,Chondrogenic cell,,
Adipose tissue,UBERON_0001013,Adipogenic cell,,
Adipose tissue,UBERON_0001013,Endogenic cell,,
Adipose tissue,UBERON_0001013,Hematopoetic cell,,
Adipose tissue,UBERON_0001013,Myogenic cell,,
Bone marrow,UBERON_0002371,Myeloid progenitor cell,,
Bone,UBERON_0002481,Myeloid progenitor cell,,
Bone marrow,UBERON_0002371,Multiple pluripotent progenitor cell,,
Bone marrow,UBERON_0002371,Pre-haematopoietic stem cell,,
Embryo,UBERON_0000922,Pre-haematopoietic stem cell,,
Spleen,UBERON_0002106,CD8+ cytotoxic T killer cell,,
Lymphoid tissue,UBERON_0001744,CD8+ cytotoxic T killer cell,,
Lung,UBERON_0002048,Matrix fibroblast,,
Aorta,UBERON_0000947,CXCR6+ T cell,,
Mammary gland,UBERON_0001911,Hormone sensing progenitor,,
Mammary gland,UBERON_0001911,Hormone sensing differentiated cell,,
Mammary gland,UBERON_0001911,Differentiated alveolar cell,,
Mammary gland,UBERON_0001911,Alveolar progenitor cell,,
Mammary gland,UBERON_0001911,Procr+ basal cell,,
Intestinal crypt,UBERON_0001983,Early enterocyte precursor cell,,
Intestinal crypt,UBERON_0001983,Transit amplifying (TA) cell,,
Intestinal crypt,UBERON_0001983,Late enterocyte precursor cell,,
Intestinal crypt,UBERON_0001983,Enteroendocrine precursor cell,,
Trachea,UBERON_0003126,Cycling basal cell,,
Trachea,UBERON_0003126,Krt4/13+ cell,,
Lung,UBERON_0002048,Axin2+ cell,,
Lung,UBERON_0002048,Pdgfrapha+ cell,,
Lung,UBERON_0002048,Axin2-Palpha+ cell,,
Lung,UBERON_0002048,Wnt2+ cell,,
Lung,UBERON_0002048,Lgr5+ cell,,
Lung,UBERON_0002048,Lgr6+ cell,,
Kidney,UBERON_0002113,Proximal tubule cell,Q101062469,Proximal tubule cell
Kidney,UBERON_0002113,Distal convoluted tubule cell,,
Kidney,UBERON_0002113,Collecting duct principal cell,,
Kidney,UBERON_0002113,Collecting duct intercalated cell,,
Kidney,UBERON_0002113,Collecting duct transient cell,,
Kidney,UBERON_0002113,Cortical cell,,
Kidney,UBERON_0002113,Medullary cell,,
Brain,UBERON_0000955,Early neuroblast,,
Brain,UBERON_0000955,Ventral otocyst,,
Brain,UBERON_0000955,Late neuroblast,,
Brain,UBERON_0000955,Dorsal otocyst,,
Brain,UBERON_0000955,O cell,,
Brain,UBERON_0000955,Chandelier cell,Q2687512,Chandelier cell
Brain,UBERON_0000955,Basket cell,Q301613,Basket cell
Brain,UBERON_0000955,Long-projecting GABAergic cell,,
Brain,UBERON_0000955,Martinotti cell,Q4316451,Martinotti cell
Brain,UBERON_0000955,Interneuron-selective cell,,
Brain,UBERON_0000955,CCK basket cell,,
Brain,UBERON_0000955,Quiescent neural stem cell,,
Brain,UBERON_0000955,Activated neural stem cell,,
Brain,UBERON_0000955,Late activated neural stem cell,,
Brain,UBERON_0000955,Type I spiral ganglion neuron,,
Brain,UBERON_0000955,Type II spiral ganglion neuron,,
Brain,UBERON_0000955,Precursor cell,,
Brain,UBERON_0000955,Immature olfactory sensory neuron,,
Brain,UBERON_0000955,Mature olfactory sensory neuron,,
Embryo,UBERON_0000922,Endocardial cell,,
Embryo,UBERON_0000922,Arterial cell,,
Embryo,UBERON_0000922,Venous cell,,
Bone marrow,UBERON_0002371,Stage I neutrophil,,
Bone marrow,UBERON_0002371,Stage II neutrophil,,
Embryo,UBERON_0000922,Blood progenitor cell,,
Blood,UBERON_0000178,Activated CD8+ T cell,,
Blood,UBERON_0000178,Inflammatory monocyte,,
Blood,UBERON_0000178,Ly6c+ monocyte,,
Embryo,UBERON_0000922,Endoderm cell,,
Embryo,UBERON_0000922,Extraembryonic cell,,
Embryo,UBERON_0000922,Visceral endoderm cell,,
Embryo,UBERON_0000922,Extraembryonic ectoderm cell,,
Embryo,UBERON_0000922,Mesodermal progenitor cell,,
Embryo,UBERON_0000922,Primitive erythroid cell,,
Embryo,UBERON_0000922,Allantois cell,,
Embryo,UBERON_0000922,Pharyngeal mesoderm cell,,
Bone marrow,UBERON_0002371,Immature dendritic cell,,
Bone marrow,UBERON_0002371,Long-term hematopoietic stem cell,,
Bone,UBERON_0002481,Macrophage and dendritic cell precursor cell,,
Bone,UBERON_0002481,Hematopoietic stem cell progenitor cell,,
Bone marrow,UBERON_0002371,Pre-megakaryocyte-erythroid progenitor cell,,
Brain,UBERON_0000955,Early intermediate precursor cell,,
Brain,UBERON_0000955,Cajal-Retzius cell,,
Brain,UBERON_0000955,Bergmann glial cell,,
Brain,UBERON_0000955,Type IA spiral ganglion neuron,,
Brain,UBERON_0000955,Type IB spiral ganglion neuron,,
Brain,UBERON_0000955,Type IC spiral ganglion neuron,,
